,high,date
0,167.2240753173828,2014-07-15
1,137.7859649658203,2014-07-16
2,133.11036682128906,2014-07-17
3,130.43478393554688,2014-07-18
4,124.41471862792969,2014-07-21
5,126.08695220947266,2014-07-22
6,125.7458267211914,2014-07-23
7,124.9498291015625,2014-07-24
8,125.08361053466797,2014-07-25
9,123.74581909179688,2014-07-28
10,124.41471862792969,2014-07-29
11,122.74247741699219,2014-07-30
12,123.07023620605469,2014-07-31
13,121.07023620605469,2014-08-01
14,121.07691955566406,2014-08-04
15,122.07357788085938,2014-08-05
16,119.7324447631836,2014-08-06
17,119.06354522705078,2014-08-07
18,119.06354522705078,2014-08-08
19,118.39464569091797,2014-08-11
20,117.05685424804688,2014-08-12
21,122.50167083740234,2014-08-13
22,121.73912811279297,2014-08-14
23,132.3612060546875,2014-08-15
24,133.77926635742188,2014-08-18
25,133.7725830078125,2014-08-19
26,131.76588439941406,2014-08-20
27,127.75919342041016,2014-08-21
28,126.7491683959961,2014-08-22
29,125.0769271850586,2014-08-25
30,127.0836181640625,2014-08-26
31,126.7291030883789,2014-08-27
32,126.7157211303711,2014-08-28
33,126.7291030883789,2014-08-29
34,127.0836181640625,2014-09-01
35,127.0836181640625,2014-09-02
36,127.07691955566406,2014-09-03
37,127.0836181640625,2014-09-04
38,124.74916076660156,2014-09-05
39,124.67558288574219,2014-09-09
40,125.0769271850586,2014-09-10
41,124.78260803222656,2014-09-11
42,124.40803527832031,2014-09-12
43,126.7291030883789,2014-09-15
44,124.06688690185547,2014-09-16
45,124.41471862792969,2014-09-17
46,126.7291030883789,2014-09-18
47,137.1170654296875,2014-09-19
48,137.2976531982422,2014-09-22
49,140.4615478515625,2014-09-23
50,139.11705017089844,2014-09-24
51,135.7926483154297,2014-09-25
52,135.11036682128906,2014-09-26
53,135.11705017089844,2014-09-29
54,134.4481658935547,2014-09-30
55,135.11036682128906,2014-10-01
56,134.4481658935547,2014-10-02
57,137.7926483154297,2014-10-03
58,142.92308044433594,2014-10-06
59,142.92308044433594,2014-10-07
60,140.13377380371094,2014-10-08
61,147.1505126953125,2014-10-09
62,143.81271362304688,2014-10-13
63,137.99331665039062,2014-10-14
64,140.4615478515625,2014-10-15
65,135.11705017089844,2014-10-16
66,135.7190704345703,2014-10-17
67,135.78594970703125,2014-10-20
68,135.11705017089844,2014-10-21
69,135.11705017089844,2014-10-22
70,134.11370849609375,2014-10-23
71,131.77256774902344,2014-10-24
72,130.43478393554688,2014-10-27
73,125.75251007080078,2014-10-28
74,130.76922607421875,2014-10-29
75,131.1036834716797,2014-10-30
76,130.43478393554688,2014-10-31
77,133.77926635742188,2014-11-03
78,136.45484924316406,2014-11-04
79,137.5852813720703,2014-11-05
80,134.4481658935547,2014-11-06
81,135.11036682128906,2014-11-07
82,135.11036682128906,2014-11-10
83,132.2407989501953,2014-11-11
84,131.0970001220703,2014-11-12
85,130.16053771972656,2014-11-13
86,129.76588439941406,2014-11-14
87,130.42140197753906,2014-11-17
88,129.16387939453125,2014-11-18
89,128.4281005859375,2014-11-19
90,131.6521759033203,2014-11-20
91,130.43478393554688,2014-11-21
92,133.7725830078125,2014-11-24
93,134.47491455078125,2014-11-25
94,137.12374877929688,2014-11-26
95,135.9799346923828,2014-11-27
96,135.64547729492188,2014-11-28
97,134.78260803222656,2014-12-01
98,134.14715576171875,2014-12-02
99,134.4481658935547,2014-12-03
100,136.88294982910156,2014-12-04
101,138.69566345214844,2014-12-05
102,138.1204071044922,2014-12-08
103,138.1204071044922,2014-12-09
104,138.69566345214844,2014-12-10
105,136.78929138183594,2014-12-11
106,135.78594970703125,2014-12-12
107,135.78594970703125,2014-12-15
108,136.1204071044922,2014-12-16
109,135.78594970703125,2014-12-17
110,135.11705017089844,2014-12-18
111,136.45484924316406,2014-12-19
112,134.4481658935547,2014-12-22
113,135.11705017089844,2014-12-23
114,135.11705017089844,2014-12-24
115,134.4481658935547,2014-12-25
116,135.11705017089844,2014-12-26
117,135.77926635742188,2014-12-29
118,137.7859649658203,2014-12-30
119,137.7859649658203,2014-12-31
120,138.69564819335938,2015-01-05
121,137.11705017089844,2015-01-06
122,136.64883422851562,2015-01-07
123,139.0501708984375,2015-01-08
124,147.81939697265625,2015-01-09
125,148.48829650878906,2015-01-12
126,148.48829650878906,2015-01-13
127,147.09030151367188,2015-01-14
128,145.61204528808594,2015-01-15
129,145.81271362304688,2015-01-16
130,153.48495483398438,2015-01-19
131,154.88963317871094,2015-01-20
132,161.93310546875,2015-01-21
133,165.88629150390625,2015-01-22
134,170.56187438964844,2015-01-23
135,183.05685424804688,2015-01-26
136,184.94314575195312,2015-01-27
137,181.31771850585938,2015-01-28
138,180.59532165527344,2015-01-29
139,179.26422119140625,2015-01-30
140,180.59532165527344,2015-02-02
141,189.89297485351562,2015-02-03
142,187.6187286376953,2015-02-04
143,180.588623046875,2015-02-05
144,184.61538696289062,2015-02-06
145,181.59866333007812,2015-02-09
146,179.2575225830078,2015-02-10
147,182.6020050048828,2015-02-11
148,185.93980407714844,2015-02-12
149,187.95986938476562,2015-02-13
150,193.30435180664062,2015-02-24
151,193.30435180664062,2015-02-25
152,193.31103515625,2015-02-26
153,192.6421356201172,2015-03-02
154,189.966552734375,2015-03-03
155,190.35450744628906,2015-03-04
156,197.3244171142578,2015-03-05
157,196.64883422851562,2015-03-06
158,193.31771850585938,2015-03-09
159,195.31771850585938,2015-03-10
160,192.6354522705078,2015-03-11
161,192.6354522705078,2015-03-12
162,193.30435180664062,2015-03-13
163,192.10702514648438,2015-03-16
164,193.97325134277344,2015-03-17
165,192.3076934814453,2015-03-18
166,195.31103515625,2015-03-19
167,194.64883422851562,2015-03-20
168,199.9866180419922,2015-03-23
169,197.30435180664062,2015-03-24
170,196.32107543945312,2015-03-25
171,196.655517578125,2015-03-26
172,197.31103515625,2015-03-27
173,195.31103515625,2015-03-30
174,196.64883422851562,2015-03-31
175,194.64883422851562,2015-04-01
176,195.30435180664062,2015-04-02
177,202.00668334960938,2015-04-07
178,206.0200653076172,2015-04-08
179,208.69564819335938,2015-04-09
180,205.35116577148438,2015-04-10
181,204.6755828857422,2015-04-13
182,203.33779907226562,2015-04-14
183,202.6755828857422,2015-04-15
184,202.00668334960938,2015-04-16
185,200.6688995361328,2015-04-17
186,200.0,2015-04-20
187,197.5183868408203,2015-04-21
188,195.9866180419922,2015-04-22
189,197.3244171142578,2015-04-23
190,197.3311004638672,2015-04-24
191,198.655517578125,2015-04-27
192,198.655517578125,2015-04-28
193,197.99331665039062,2015-04-29
194,202.6755828857422,2015-04-30
195,205.344482421875,2015-05-04
196,203.27090454101562,2015-05-05
197,202.3411407470703,2015-05-06
198,202.655517578125,2015-05-07
199,202.6688995361328,2015-05-08
200,202.33444213867188,2015-05-11
201,199.66555786132812,2015-05-12
202,197.78594970703125,2015-05-13
203,197.31771850585938,2015-05-14
204,195.244140625,2015-05-15
205,191.30435180664062,2015-05-18
206,190.62876892089844,2015-05-19
207,195.9866180419922,2015-05-20
208,198.655517578125,2015-05-21
209,206.95652770996094,2015-05-22
210,210.72909545898438,2015-05-25
211,219.39129638671875,2015-05-26
212,213.71237182617188,2015-05-27
213,212.7090301513672,2015-05-28
214,214.033447265625,2015-05-29
215,214.71571350097656,2015-06-01
216,219.39129638671875,2015-06-02
217,234.9163818359375,2015-06-03
218,242.46823120117188,2015-06-04
219,238.1204071044922,2015-06-05
220,239.4648895263672,2015-06-08
221,238.88963317871094,2015-06-09
222,237.11705017089844,2015-06-10
223,234.97659301757812,2015-06-11
224,231.43812561035156,2015-06-12
225,230.85618591308594,2015-06-15
226,228.00668334960938,2015-06-16
227,233.09698486328125,2015-06-17
228,238.79598999023438,2015-06-18
229,242.3076934814453,2015-06-22
230,243.14381408691406,2015-06-23
231,240.80267333984375,2015-06-24
232,247.49163818359375,2015-06-25
233,266.8896179199219,2015-06-26
234,278.9230651855469,2015-06-29
235,271.7725830078125,2015-06-30
236,280.9230651855469,2015-07-01
237,284.28094482421875,2015-07-02
238,274.24749755859375,2015-07-03
239,272.90301513671875,2015-07-06
240,271.5718994140625,2015-07-07
241,267.5518493652344,2015-07-08
242,253.15719604492188,2015-07-09
243,248.82273864746094,2015-07-10
244,259.5317687988281,2015-07-13
245,260.1939697265625,2015-07-14
246,252.83612060546875,2015-07-15
247,250.82943725585938,2015-07-16
248,249.82608032226562,2015-07-17
249,253.17056274414062,2015-07-20
250,245.48495483398438,2015-07-21
251,250.83612060546875,2015-07-22
252,245.48495483398438,2015-07-23
253,259.19732666015625,2015-07-24
254,265.5518493652344,2015-07-27
255,256.1872863769531,2015-07-28
256,277.2575378417969,2015-07-29
257,299.33111572265625,2015-07-30
258,305.68560791015625,2015-07-31
259,288.96319580078125,2015-08-03
260,279.5986633300781,2015-08-04
261,284.6153869628906,2015-08-05
262,288.6287536621094,2015-08-06
263,284.28094482421875,2015-08-07
264,292.9765930175781,2015-08-10
265,303.344482421875,2015-08-11
266,296.9899597167969,2015-08-12
267,303.0100402832031,2015-08-13
268,302.67559814453125,2015-08-14
269,294.6488342285156,2015-08-17
270,291.6387939453125,2015-08-18
271,296.9899597167969,2015-08-19
272,284.28094482421875,2015-08-20
273,274.24749755859375,2015-08-21
274,253.17726135253906,2015-08-24
275,266.2207336425781,2015-08-25
276,268.8963317871094,2015-08-26
277,272.2408142089844,2015-08-27
278,270.90301513671875,2015-08-28
279,268.8963317871094,2015-08-31
280,270.90301513671875,2015-09-01
281,268.8963317871094,2015-09-02
282,289.29766845703125,2015-09-03
283,291.6387939453125,2015-09-04
284,302.30767822265625,2015-09-07
285,317.69232177734375,2015-09-08
286,319.23077392578125,2015-09-09
287,316.1538391113281,2015-09-10
288,314.23077392578125,2015-09-11
289,326.9230651855469,2015-09-14
290,323.8461608886719,2015-09-15
291,316.9230651855469,2015-09-16
292,318.4615478515625,2015-09-17
293,321.5384521484375,2015-09-18
294,318.0769348144531,2015-09-21
295,343.0769348144531,2015-09-22
296,340.0,2015-09-23
297,336.1538391113281,2015-09-24
298,324.6153869628906,2015-09-25
299,321.9230651855469,2015-09-29
300,330.76922607421875,2015-09-30
301,329.6153869628906,2015-10-01
302,337.30767822265625,2015-10-02
303,345.0,2015-10-05
304,356.1538391113281,2015-10-06
305,337.69232177734375,2015-10-07
306,335.3846130371094,2015-10-08
307,327.69232177734375,2015-10-12
308,329.6153869628906,2015-10-13
309,328.0769348144531,2015-10-14
310,327.69232177734375,2015-10-15
311,320.0,2015-10-16
312,318.4615478515625,2015-10-19
313,326.1538391113281,2015-10-20
314,314.6153869628906,2015-10-21
315,319.23077392578125,2015-10-22
316,320.76922607421875,2015-10-23
317,317.30767822265625,2015-10-26
318,317.69232177734375,2015-10-27
319,315.0,2015-10-28
320,334.6153869628906,2015-10-29
321,333.4615478515625,2015-10-30
322,332.30767822265625,2015-11-02
323,337.30767822265625,2015-11-03
324,340.76922607421875,2015-11-04
325,348.4615478515625,2015-11-05
326,340.76922607421875,2015-11-06
327,333.4615478515625,2015-11-09
328,330.0,2015-11-10
329,330.0,2015-11-11
330,328.4615478515625,2015-11-12
331,338.4615478515625,2015-11-13
332,335.3846130371094,2015-11-16
333,344.6153869628906,2015-11-17
334,350.3846130371094,2015-11-18
335,350.76922607421875,2015-11-19
336,336.5384521484375,2015-11-20
337,331.1538391113281,2015-11-23
338,328.0769348144531,2015-11-24
339,318.8461608886719,2015-11-25
340,319.23077392578125,2015-11-26
341,320.76922607421875,2015-11-27
342,316.1538391113281,2015-11-30
343,330.76922607421875,2015-12-01
344,331.1538391113281,2015-12-02
345,322.69232177734375,2015-12-03
346,324.6153869628906,2015-12-04
347,325.3846130371094,2015-12-07
348,323.4615478515625,2015-12-08
349,316.9230651855469,2015-12-09
350,318.8461608886719,2015-12-10
351,334.6153869628906,2015-12-11
352,327.30767822265625,2015-12-14
353,352.30767822265625,2015-12-15
354,355.76922607421875,2015-12-16
355,346.9230651855469,2015-12-17
356,380.76922607421875,2015-12-18
357,411.5384521484375,2015-12-21
358,400.76922607421875,2015-12-22
359,394.6153869628906,2015-12-23
360,383.8461608886719,2015-12-24
361,383.8461608886719,2015-12-25
362,385.3846130371094,2015-12-28
363,380.0,2015-12-29
364,382.30767822265625,2015-12-30
365,382.30767822265625,2015-12-31
366,380.0,2016-01-04
367,397.69232177734375,2016-01-05
368,392.30767822265625,2016-01-06
369,404.6153869628906,2016-01-07
370,403.0769348144531,2016-01-08
371,407.69232177734375,2016-01-11
372,397.69232177734375,2016-01-12
373,373.8461608886719,2016-01-13
374,367.69232177734375,2016-01-14
375,364.6153869628906,2016-01-15
376,368.0769348144531,2016-01-18
377,372.30767822265625,2016-01-19
378,367.69232177734375,2016-01-20
379,386.9230651855469,2016-01-21
380,389.23077392578125,2016-01-22
381,390.0,2016-01-25
382,399.23077392578125,2016-01-26
383,398.4615478515625,2016-01-27
384,390.76922607421875,2016-01-28
385,400.0,2016-01-29
387,400.0,2016-02-01
388,398.4615478515625,2016-02-02
389,402.30767822265625,2016-02-03
390,395.3846130371094,2016-02-15
391,398.4615478515625,2016-02-16
392,395.3846130371094,2016-02-17
393,418.4615478515625,2016-02-18
394,425.3846130371094,2016-02-19
395,424.6153869628906,2016-02-22
396,443.0769348144531,2016-02-23
397,447.69232177734375,2016-02-24
398,438.4615478515625,2016-02-25
399,440.0,2016-02-26
400,449.23077392578125,2016-03-01
401,453.0769348144531,2016-03-02
402,441.5384521484375,2016-03-03
403,438.4615478515625,2016-03-04
404,440.0,2016-03-07
405,445.3846130371094,2016-03-08
406,442.30767822265625,2016-03-09
407,439.23077392578125,2016-03-10
408,450.0,2016-03-11
409,462.30767822265625,2016-03-14
410,461.5384521484375,2016-03-15
411,454.6153869628906,2016-03-16
412,462.30767822265625,2016-03-17
413,451.5384521484375,2016-03-18
414,447.69232177734375,2016-03-21
415,442.30767822265625,2016-03-22
416,420.0,2016-03-23
417,416.9230651855469,2016-03-24
418,415.3846130371094,2016-03-25
419,415.3846130371094,2016-03-28
420,413.0769348144531,2016-03-29
421,397.69232177734375,2016-03-30
422,403.8461608886719,2016-03-31
423,401.5384521484375,2016-04-01
424,405.3846130371094,2016-04-06
425,398.4615478515625,2016-04-07
426,407.69232177734375,2016-04-08
427,414.6153869628906,2016-04-11
428,410.76922607421875,2016-04-12
429,413.8461608886719,2016-04-13
430,442.30767822265625,2016-04-14
431,440.0,2016-04-15
432,431.5384521484375,2016-04-18
433,436.1538391113281,2016-04-19
434,424.6153869628906,2016-04-20
435,413.0769348144531,2016-04-21
436,410.76922607421875,2016-04-22
437,402.30767822265625,2016-04-25
438,397.69232177734375,2016-04-26
439,388.4615478515625,2016-04-27
440,365.3846130371094,2016-04-28
441,367.30767822265625,2016-04-29
442,364.6153869628906,2016-05-03
443,379.23077392578125,2016-05-04
444,390.76922607421875,2016-05-05
445,382.69232177734375,2016-05-06
446,379.23077392578125,2016-05-09
447,360.0,2016-05-10
448,356.9230651855469,2016-05-11
449,335.3846130371094,2016-05-12
450,319.23077392578125,2016-05-13
451,325.3846130371094,2016-05-16
452,331.1538391113281,2016-05-17
453,331.9230651855469,2016-05-18
454,333.0769348144531,2016-05-19
455,326.9230651855469,2016-05-20
456,338.0769348144531,2016-05-23
457,337.30767822265625,2016-05-24
458,341.9230651855469,2016-05-25
459,344.6153869628906,2016-05-26
460,351.5384521484375,2016-05-27
461,352.30767822265625,2016-05-30
462,375.0,2016-05-31
463,375.3846130371094,2016-06-01
464,370.3846130371094,2016-06-02
465,359.6153869628906,2016-06-03
467,378.4615478515625,2016-06-06
468,370.76922607421875,2016-06-07
469,368.8461608886719,2016-06-08
470,359.6153869628906,2016-06-13
471,370.76922607421875,2016-06-14
472,384.6153869628906,2016-06-15
473,381.9230651855469,2016-06-16
474,379.6153869628906,2016-06-17
475,379.6153869628906,2016-06-20
476,386.1538391113281,2016-06-21
477,384.23077392578125,2016-06-22
478,381.5384521484375,2016-06-23
479,357.69232177734375,2016-06-24
480,350.0,2016-06-27
481,348.4615478515625,2016-06-28
482,350.76922607421875,2016-06-29
483,352.30767822265625,2016-06-30
484,351.1538391113281,2016-07-01
485,351.1538391113281,2016-07-04
486,346.1538391113281,2016-07-05
487,335.3846130371094,2016-07-06
488,338.8461608886719,2016-07-07
490,340.0,2016-07-11
491,341.5384521484375,2016-07-12
492,343.4615478515625,2016-07-13
493,340.0,2016-07-14
494,340.0,2016-07-15
495,353.8461608886719,2016-07-18
496,359.23077392578125,2016-07-19
497,355.3846130371094,2016-07-20
498,375.76922607421875,2016-07-21
499,384.6153869628906,2016-07-22
500,386.9230651855469,2016-07-25
501,386.1538391113281,2016-07-26
502,390.0,2016-07-27
503,405.3846130371094,2016-07-28
504,396.1538391113281,2016-07-29
505,406.9230651855469,2016-08-01
506,406.0,2016-08-02
507,394.5,2016-08-03
508,397.0,2016-08-04
509,402.0,2016-08-05
510,407.0,2016-08-08
511,403.0,2016-08-09
512,403.0,2016-08-10
513,399.0,2016-08-11
514,399.5,2016-08-12
515,401.5,2016-08-15
516,397.0,2016-08-16
517,392.0,2016-08-17
518,387.0,2016-08-18
519,421.0,2016-08-19
520,428.0,2016-08-22
521,414.0,2016-08-23
522,409.0,2016-08-24
523,385.0,2016-08-25
524,358.0,2016-08-26
525,365.0,2016-08-29
526,352.0,2016-08-30
527,352.5,2016-08-31
528,350.0,2016-09-01
529,348.0,2016-09-02
530,337.0,2016-09-05
531,359.0,2016-09-06
532,351.0,2016-09-07
533,348.0,2016-09-08
534,342.0,2016-09-09
536,322.0,2016-09-12
537,321.5,2016-09-13
538,304.5,2016-09-14
539,314.5,2016-09-19
540,338.5,2016-09-20
541,339.0,2016-09-21
542,346.0,2016-09-22
543,360.0,2016-09-23
544,359.5,2016-09-26
545,358.0,2016-09-27
546,358.0,2016-09-28
547,358.5,2016-09-29
548,347.0,2016-09-30
549,343.0,2016-10-03
550,326.0,2016-10-04
551,323.0,2016-10-05
552,325.5,2016-10-06
553,319.5,2016-10-07
554,326.0,2016-10-11
555,321.5,2016-10-12
556,317.5,2016-10-13
557,313.0,2016-10-14
558,306.5,2016-10-17
559,307.5,2016-10-18
560,308.5,2016-10-19
561,301.5,2016-10-20
562,289.5,2016-10-21
563,286.0,2016-10-24
564,297.0,2016-10-25
565,299.5,2016-10-26
566,296.5,2016-10-27
567,294.5,2016-10-28
568,285.5,2016-10-31
569,281.5,2016-11-01
570,265.0,2016-11-02
571,264.0,2016-11-03
572,258.5,2016-11-04
573,244.5,2016-11-07
574,231.5,2016-11-08
575,221.5,2016-11-09
576,219.0,2016-11-10
577,228.0,2016-11-11
578,231.5,2016-11-14
579,242.5,2016-11-15
580,247.0,2016-11-16
581,246.0,2016-11-17
582,244.5,2016-11-18
583,241.0,2016-11-21
584,249.0,2016-11-22
585,250.5,2016-11-23
586,252.5,2016-11-24
587,265.5,2016-11-25
588,283.5,2016-11-28
589,280.0,2016-11-29
590,283.5,2016-11-30
591,268.0,2016-12-01
592,261.5,2016-12-02
593,265.5,2016-12-05
594,260.0,2016-12-06
595,263.0,2016-12-07
596,276.0,2016-12-08
597,272.5,2016-12-09
598,268.5,2016-12-12
599,261.0,2016-12-13
600,272.0,2016-12-14
601,272.0,2016-12-15
602,283.0,2016-12-16
603,281.0,2016-12-19
604,288.5,2016-12-20
605,284.0,2016-12-21
606,284.0,2016-12-22
607,285.5,2016-12-23
608,281.5,2016-12-26
609,284.0,2016-12-27
610,286.5,2016-12-28
611,278.0,2016-12-29
612,275.0,2016-12-30
613,270.0,2017-01-03
614,270.0,2017-01-04
615,281.5,2017-01-05
616,282.5,2017-01-06
617,278.0,2017-01-09
618,268.5,2017-01-10
619,269.5,2017-01-11
620,264.5,2017-01-12
621,259.0,2017-01-13
622,260.5,2017-01-16
623,259.0,2017-01-17
624,267.0,2017-01-18
625,270.5,2017-01-19
626,277.0,2017-01-20
627,279.0,2017-01-23
628,279.0,2017-01-24
629,303.5,2017-02-02
630,328.0,2017-02-03
631,310.5,2017-02-06
632,336.0,2017-02-07
633,332.5,2017-02-08
634,336.5,2017-02-09
635,322.0,2017-02-10
636,316.0,2017-02-13
637,312.0,2017-02-14
638,318.0,2017-02-15
639,313.0,2017-02-16
640,323.5,2017-02-17
642,321.5,2017-02-20
643,322.0,2017-02-21
644,328.0,2017-02-22
645,335.0,2017-02-23
646,329.5,2017-02-24
647,325.0,2017-03-01
648,307.5,2017-03-02
649,309.5,2017-03-03
650,303.0,2017-03-06
651,294.5,2017-03-07
652,289.5,2017-03-08
653,290.0,2017-03-09
654,288.0,2017-03-10
655,289.5,2017-03-13
656,295.5,2017-03-14
657,293.0,2017-03-15
658,298.0,2017-03-16
659,298.0,2017-03-17
660,296.5,2017-03-20
661,296.5,2017-03-21
662,293.0,2017-03-22
663,295.0,2017-03-23
664,296.0,2017-03-24
665,292.0,2017-03-27
666,294.0,2017-03-28
667,291.0,2017-03-29
668,305.5,2017-03-30
669,301.5,2017-03-31
670,300.5,2017-04-05
671,288.5,2017-04-06
672,283.0,2017-04-07
673,274.0,2017-04-10
674,264.5,2017-04-11
675,253.0,2017-04-12
676,256.0,2017-04-13
677,254.0,2017-04-14
678,249.5,2017-04-17
679,245.0,2017-04-18
680,243.5,2017-04-19
681,249.0,2017-04-20
682,243.0,2017-04-21
683,241.0,2017-04-24
684,255.0,2017-04-25
685,273.5,2017-04-26
686,271.0,2017-04-27
687,270.5,2017-04-28
688,288.0,2017-05-02
689,283.5,2017-05-03
690,288.5,2017-05-04
691,287.5,2017-05-05
692,278.5,2017-05-08
693,267.5,2017-05-09
694,274.5,2017-05-10
695,277.0,2017-05-11
696,277.5,2017-05-12
697,282.5,2017-05-15
698,282.0,2017-05-16
699,276.0,2017-05-17
700,274.0,2017-05-18
701,289.0,2017-05-19
702,287.0,2017-05-22
703,301.5,2017-05-23
704,303.0,2017-05-24
705,304.5,2017-05-25
706,304.5,2017-05-26
707,303.0,2017-05-31
708,314.0,2017-06-01
709,333.5,2017-06-02
711,354.5,2017-06-05
712,357.5,2017-06-06
713,359.5,2017-06-07
714,356.5,2017-06-08
715,357.5,2017-06-09
716,338.5,2017-06-12
717,344.0,2017-06-13
718,337.5,2017-06-14
719,323.0,2017-06-15
720,327.0,2017-06-16
721,340.5,2017-06-19
722,335.5,2017-06-20
723,329.5,2017-06-21
724,329.5,2017-06-22
725,330.5,2017-06-23
726,329.5,2017-06-26
727,341.5,2017-06-27
728,336.0,2017-06-28
729,358.0,2017-06-29
730,355.0,2017-06-30
731,350.0,2017-07-03
732,351.0,2017-07-04
733,344.5,2017-07-05
734,355.0,2017-07-06
735,354.0,2017-07-07
736,359.0,2017-07-10
737,361.0,2017-07-11
738,373.0,2017-07-12
739,383.0,2017-07-13
740,399.5,2017-07-14
741,406.0,2017-07-17
742,403.5,2017-07-18
743,400.5,2017-07-19
744,384.5,2017-07-20
745,398.0,2017-07-21
746,412.0,2017-07-24
747,413.5,2017-07-25
748,417.0,2017-07-26
749,435.0,2017-07-27
750,434.0,2017-07-28
751,417.5,2017-07-31
752,413.5,2017-08-01
753,403.5,2017-08-02
754,403.5,2017-08-03
755,397.5,2017-08-04
756,382.0,2017-08-07
757,386.0,2017-08-08
758,384.0,2017-08-09
759,374.0,2017-08-10
760,373.0,2017-08-11
761,379.0,2017-08-14
762,382.0,2017-08-15
763,370.0,2017-08-16
764,382.0,2017-08-17
765,382.0,2017-08-18
766,384.5,2017-08-21
767,385.0,2017-08-22
768,417.5,2017-08-23
769,416.0,2017-08-24
770,397.5,2017-08-25
771,396.0,2017-08-28
772,396.0,2017-08-29
773,400.0,2017-08-30
774,400.0,2017-08-31
775,401.5,2017-09-01
776,412.0,2017-09-04
777,405.5,2017-09-05
778,398.0,2017-09-06
779,392.0,2017-09-07
780,400.0,2017-09-08
781,400.5,2017-09-11
782,407.5,2017-09-12
783,397.0,2017-09-13
784,394.0,2017-09-14
785,406.5,2017-09-15
786,413.0,2017-09-18
787,411.0,2017-09-19
788,416.0,2017-09-20
789,415.0,2017-09-21
790,414.0,2017-09-22
791,411.0,2017-09-25
792,401.0,2017-09-26
793,389.0,2017-09-27
794,394.0,2017-09-28
795,385.0,2017-09-29
796,379.5,2017-10-02
797,375.5,2017-10-03
798,364.0,2017-10-05
799,376.0,2017-10-06
800,370.0,2017-10-11
801,384.5,2017-10-12
802,376.5,2017-10-13
803,377.0,2017-10-16
804,374.5,2017-10-17
805,372.5,2017-10-18
806,364.0,2017-10-19
807,369.0,2017-10-20
808,370.0,2017-10-23
809,373.0,2017-10-24
810,372.5,2017-10-25
811,369.0,2017-10-26
812,367.5,2017-10-27
813,365.5,2017-10-30
814,386.0,2017-10-31
815,418.0,2017-11-01
816,419.5,2017-11-02
817,421.0,2017-11-03
818,438.0,2017-11-06
819,434.0,2017-11-07
820,431.0,2017-11-08
821,422.0,2017-11-09
822,429.5,2017-11-10
823,434.0,2017-11-13
824,422.5,2017-11-14
825,428.0,2017-11-15
826,418.0,2017-11-16
827,415.0,2017-11-17
828,410.5,2017-11-20
829,410.0,2017-11-21
830,409.5,2017-11-22
831,380.0,2017-11-23
832,380.0,2017-11-24
833,379.5,2017-11-27
834,377.0,2017-11-28
835,394.0,2017-11-29
836,386.0,2017-11-30
837,413.0,2017-12-01
838,408.0,2017-12-04
839,409.5,2017-12-05
840,405.0,2017-12-06
841,377.5,2017-12-07
842,385.5,2017-12-08
843,376.5,2017-12-11
844,378.5,2017-12-12
845,376.5,2017-12-13
846,400.0,2017-12-14
847,391.5,2017-12-15
848,382.0,2017-12-18
849,380.5,2017-12-19
850,391.5,2017-12-20
851,391.0,2017-12-21
852,386.5,2017-12-22
853,381.0,2017-12-25
854,381.5,2017-12-26
855,379.0,2017-12-27
856,382.0,2017-12-28
857,396.0,2017-12-29
858,391.5,2018-01-02
859,398.0,2018-01-03
860,402.0,2018-01-04
861,433.0,2018-01-05
862,438.0,2018-01-08
863,404.5,2018-01-09
864,403.0,2018-01-10
865,405.0,2018-01-11
866,399.5,2018-01-12
867,384.5,2018-01-15
868,392.5,2018-01-16
869,390.0,2018-01-17
870,390.5,2018-01-18
871,385.0,2018-01-19
872,374.5,2018-01-22
873,376.5,2018-01-23
874,378.5,2018-01-24
875,377.5,2018-01-25
876,385.5,2018-01-26
877,392.0,2018-01-29
878,385.5,2018-01-30
879,373.5,2018-01-31
880,380.0,2018-02-01
881,378.0,2018-02-02
882,368.0,2018-02-05
883,360.0,2018-02-06
884,354.0,2018-02-07
885,352.0,2018-02-08
886,346.5,2018-02-09
887,345.5,2018-02-12
888,356.0,2018-02-21
889,369.5,2018-02-22
890,377.5,2018-02-23
891,376.5,2018-02-26
892,376.0,2018-02-27
893,382.0,2018-03-01
894,381.5,2018-03-02
895,380.0,2018-03-05
896,371.0,2018-03-06
897,374.0,2018-03-07
898,374.0,2018-03-08
899,375.0,2018-03-09
900,384.0,2018-03-12
901,392.0,2018-03-13
902,389.0,2018-03-14
903,390.5,2018-03-15
904,384.0,2018-03-16
905,381.5,2018-03-19
906,395.0,2018-03-20
907,390.0,2018-03-21
908,394.0,2018-03-22
909,383.5,2018-03-23
910,385.0,2018-03-26
911,385.0,2018-03-27
912,389.5,2018-03-28
913,388.0,2018-03-29
914,385.0,2018-03-30
915,382.0,2018-04-02
916,380.5,2018-04-03
917,365.5,2018-04-09
918,343.0,2018-04-10
919,348.5,2018-04-11
920,341.0,2018-04-12
921,344.5,2018-04-13
922,348.0,2018-04-16
923,345.5,2018-04-17
924,360.0,2018-04-18
925,357.0,2018-04-19
926,347.5,2018-04-20
927,343.5,2018-04-23
928,326.0,2018-04-24
929,321.0,2018-04-25
930,317.0,2018-04-26
931,282.0,2018-04-27
932,278.0,2018-04-30
933,288.5,2018-05-02
934,302.0,2018-05-03
935,301.5,2018-05-04
936,291.5,2018-05-07
937,297.5,2018-05-08
938,296.0,2018-05-09
939,297.0,2018-05-10
940,296.0,2018-05-11
941,314.5,2018-05-14
942,325.0,2018-05-15
943,306.5,2018-05-16
944,303.0,2018-05-17
945,299.5,2018-05-18
946,305.0,2018-05-21
947,313.5,2018-05-22
948,310.0,2018-05-23
949,304.5,2018-05-24
950,304.5,2018-05-25
951,311.5,2018-05-28
952,312.5,2018-05-29
953,306.0,2018-05-30
954,306.0,2018-05-31
955,309.5,2018-06-01
956,330.0,2018-06-04
957,350.0,2018-06-05
958,344.0,2018-06-06
959,346.0,2018-06-07
960,345.0,2018-06-08
961,318.5,2018-06-11
962,329.5,2018-06-12
963,341.0,2018-06-13
964,324.5,2018-06-14
965,332.0,2018-06-15
966,321.0,2018-06-19
967,313.0,2018-06-20
968,312.5,2018-06-21
969,302.0,2018-06-22
970,306.5,2018-06-25
971,300.0,2018-06-26
972,290.0,2018-06-27
973,279.0,2018-06-28
974,286.5,2018-06-29
975,288.0,2018-07-02
976,279.0,2018-07-03
977,277.0,2018-07-04
978,275.0,2018-07-05
979,261.0,2018-07-06
980,257.0,2018-07-09
981,257.0,2018-07-10
982,248.5,2018-07-11
983,256.0,2018-07-12
984,270.0,2018-07-13
985,281.0,2018-07-16
986,286.0,2018-07-17
987,286.0,2018-07-18
988,287.5,2018-07-19
989,284.5,2018-07-20
990,271.0,2018-07-23
991,275.5,2018-07-24
992,276.5,2018-07-25
993,284.0,2018-07-26
994,283.0,2018-07-27
995,285.0,2018-07-30
996,280.0,2018-07-31
997,271.5,2018-08-01
998,273.0,2018-08-02
999,277.0,2018-08-03
1000,286.0,2018-08-06
1001,281.0,2018-08-07
1002,281.5,2018-08-08
1003,278.0,2018-08-09
1004,272.0,2018-08-10
1005,269.0,2018-08-13
1006,271.0,2018-08-14
1007,266.0,2018-08-15
1008,242.0,2018-08-16
1009,241.5,2018-08-17
1010,238.5,2018-08-20
1011,247.0,2018-08-21
1012,249.5,2018-08-22
1013,249.5,2018-08-23
1014,246.5,2018-08-24
1015,249.0,2018-08-27
1016,264.5,2018-08-28
1017,261.0,2018-08-29
1018,259.0,2018-08-30
1019,263.0,2018-08-31
1020,263.5,2018-09-03
1021,269.0,2018-09-04
1022,265.0,2018-09-05
1023,279.0,2018-09-06
1024,277.5,2018-09-07
1025,281.5,2018-09-10
1026,296.5,2018-09-11
1027,297.0,2018-09-12
1028,296.5,2018-09-13
1029,290.0,2018-09-14
1030,286.0,2018-09-17
1031,290.0,2018-09-18
1032,288.0,2018-09-19
1033,283.5,2018-09-20
1034,283.5,2018-09-21
1035,297.0,2018-09-25
1036,292.0,2018-09-26
1037,286.5,2018-09-27
1038,288.0,2018-09-28
1039,311.0,2018-10-01
1040,321.0,2018-10-02
1041,314.5,2018-10-03
1042,306.0,2018-10-04
1043,287.0,2018-10-05
1044,286.0,2018-10-08
1045,288.0,2018-10-09
1046,244.5,2018-10-11
1047,249.0,2018-10-12
1048,255.0,2018-10-15
1049,257.0,2018-10-16
1050,260.0,2018-10-17
1051,264.0,2018-10-18
1052,263.5,2018-10-19
1053,263.5,2018-10-22
1054,273.0,2018-10-23
1055,266.5,2018-10-24
1056,249.5,2018-10-25
1057,235.5,2018-10-26
1058,220.0,2018-10-29
1059,208.0,2018-10-30
1060,206.5,2018-10-31
1061,226.0,2018-11-01
1062,245.0,2018-11-02
1063,243.0,2018-11-05
1064,236.0,2018-11-06
1065,241.0,2018-11-07
1066,249.5,2018-11-08
1067,240.5,2018-11-09
1068,249.5,2018-11-12
1069,240.5,2018-11-13
1070,244.5,2018-11-14
1071,234.0,2018-11-15
1072,234.0,2018-11-16
1073,237.5,2018-11-19
1074,236.0,2018-11-20
1075,236.0,2018-11-21
1076,243.0,2018-11-22
1077,234.5,2018-11-23
1078,223.0,2018-11-26
1079,240.0,2018-11-27
1080,254.0,2018-11-28
1081,264.5,2018-11-29
1082,270.0,2018-11-30
1083,283.5,2018-12-03
1084,280.0,2018-12-04
1085,273.0,2018-12-05
1086,245.5,2018-12-06
1087,235.5,2018-12-07
1088,218.0,2018-12-10
1089,221.5,2018-12-11
1090,238.5,2018-12-12
1091,243.5,2018-12-13
1092,256.5,2018-12-14
1093,249.5,2018-12-17
1094,241.0,2018-12-18
1095,240.0,2018-12-19
1096,228.0,2018-12-20
1097,226.0,2018-12-21
1098,229.5,2018-12-24
1099,230.0,2018-12-25
1100,233.0,2018-12-26
1101,235.0,2018-12-27
1102,229.5,2018-12-28
1103,246.5,2019-01-02
1104,252.5,2019-01-03
1105,245.5,2019-01-04
1106,265.0,2019-01-07
1107,273.0,2019-01-08
1108,274.5,2019-01-09
1109,270.5,2019-01-10
1110,271.5,2019-01-11
1111,272.5,2019-01-14
1112,275.0,2019-01-15
1113,280.5,2019-01-16
1114,266.5,2019-01-17
1115,264.0,2019-01-18
1116,268.0,2019-01-21
1117,263.5,2019-01-22
1118,258.5,2019-01-23
1119,259.5,2019-01-24
1120,258.5,2019-01-25
1121,268.5,2019-01-28
1122,264.0,2019-01-29
1123,267.0,2019-01-30
1124,277.0,2019-02-11
1125,293.0,2019-02-12
1126,303.0,2019-02-13
1127,300.0,2019-02-14
1128,300.0,2019-02-15
1129,294.0,2019-02-18
1130,296.0,2019-02-19
1131,322.5,2019-02-20
1132,334.0,2019-02-21
1133,330.0,2019-02-22
1134,328.5,2019-02-25
1135,323.0,2019-02-26
1136,324.0,2019-02-27
1137,311.5,2019-03-04
1138,303.5,2019-03-05
1139,296.5,2019-03-06
1140,296.5,2019-03-07
1141,285.5,2019-03-08
1142,290.5,2019-03-11
1143,294.0,2019-03-12
1144,292.5,2019-03-13
1145,292.0,2019-03-14
1146,296.0,2019-03-15
1147,302.5,2019-03-18
1148,309.0,2019-03-19
1149,308.5,2019-03-20
1150,293.5,2019-03-21
1151,287.0,2019-03-22
1152,276.0,2019-03-25
1153,281.5,2019-03-26
1154,280.0,2019-03-27
1155,277.5,2019-03-28
1156,284.0,2019-03-29
1157,291.5,2019-04-01
1158,292.0,2019-04-02
1159,294.5,2019-04-03
1160,277.0,2019-04-08
1161,272.0,2019-04-09
1162,274.5,2019-04-10
1163,278.5,2019-04-11
1164,279.0,2019-04-12
1165,275.0,2019-04-15
1166,274.0,2019-04-16
1167,285.0,2019-04-17
1168,297.0,2019-04-18
1169,296.5,2019-04-19
1170,304.5,2019-04-22
1171,299.5,2019-04-23
1172,300.0,2019-04-24
1173,290.5,2019-04-25
1174,285.0,2019-04-26
1175,279.5,2019-04-29
1176,278.0,2019-04-30
1177,303.5,2019-05-02
1178,301.0,2019-05-03
1179,284.0,2019-05-06
1180,290.5,2019-05-07
1181,281.0,2019-05-08
1182,284.0,2019-05-09
1183,276.0,2019-05-10
1184,280.5,2019-05-13
1185,276.0,2019-05-14
1186,278.5,2019-05-15
1187,272.0,2019-05-16
1188,271.5,2019-05-17
1189,239.0,2019-05-20
1190,225.0,2019-05-21
1191,233.0,2019-05-22
1192,223.0,2019-05-23
1193,219.5,2019-05-24
1194,224.5,2019-05-27
1195,222.5,2019-05-28
1196,221.0,2019-05-29
1197,228.0,2019-05-30
1198,228.5,2019-05-31
1199,226.5,2019-06-03
1200,232.0,2019-06-04
1201,244.0,2019-06-05
1202,235.0,2019-06-06
1203,242.5,2019-06-10
1204,245.5,2019-06-11
1205,241.5,2019-06-12
1206,238.5,2019-06-13
1207,238.0,2019-06-14
1208,231.0,2019-06-17
1209,233.0,2019-06-18
1210,251.0,2019-06-19
1211,247.0,2019-06-20
1212,254.0,2019-06-21
1213,250.0,2019-06-24
1214,253.5,2019-06-25
1215,254.5,2019-06-26
1216,264.0,2019-06-27
1217,263.5,2019-06-28
1218,285.0,2019-07-01
1219,278.0,2019-07-02
1220,277.0,2019-07-03
1221,273.0,2019-07-04
1222,271.0,2019-07-05
1223,275.0,2019-07-08
1224,271.0,2019-07-09
1225,274.5,2019-07-10
1226,274.5,2019-07-11
1227,274.5,2019-07-12
1228,273.5,2019-07-15
1229,277.5,2019-07-16
1230,271.0,2019-07-17
1231,266.5,2019-07-18
1232,263.0,2019-07-19
1233,274.5,2019-07-22
1234,281.5,2019-07-23
1235,284.0,2019-07-24
1236,280.5,2019-07-25
1237,275.0,2019-07-26
1238,271.5,2019-07-29
1239,269.0,2019-07-30
1240,252.0,2019-07-31
1241,244.5,2019-08-01
1242,248.5,2019-08-02
1243,246.5,2019-08-05
1244,244.5,2019-08-06
1245,246.5,2019-08-07
1246,244.5,2019-08-08
1247,247.0,2019-08-12
1248,244.5,2019-08-13
1249,248.0,2019-08-14
1250,242.0,2019-08-15
1251,242.0,2019-08-16
1252,244.5,2019-08-19
1253,256.0,2019-08-20
1254,259.0,2019-08-21
1255,257.5,2019-08-22
1256,257.5,2019-08-23
1257,255.0,2019-08-26
1258,255.5,2019-08-27
1259,253.0,2019-08-28
1260,254.0,2019-08-29
1261,269.0,2019-08-30
1262,261.5,2019-09-02
1263,267.5,2019-09-03
1264,263.0,2019-09-04
1265,269.5,2019-09-05
1266,269.5,2019-09-06
1267,270.0,2019-09-10
1268,270.0,2019-09-11
1269,274.0,2019-09-12
1270,269.5,2019-09-16
1271,273.0,2019-09-17
1272,281.0,2019-09-18
1273,274.0,2019-09-19
1274,272.5,2019-09-20
1275,270.0,2019-09-23
1276,274.5,2019-09-24
1277,271.0,2019-09-25
1278,268.0,2019-09-26
1279,266.0,2019-09-27
1280,262.5,2019-10-01
1281,257.5,2019-10-02
1282,252.5,2019-10-03
1283,255.0,2019-10-04
1284,252.5,2019-10-07
1285,247.5,2019-10-08
1286,244.0,2019-10-09
1287,250.5,2019-10-14
1288,249.5,2019-10-15
1289,255.0,2019-10-16
1290,256.0,2019-10-17
1291,256.0,2019-10-18
1292,255.5,2019-10-21
1293,259.5,2019-10-22
1294,257.5,2019-10-23
1295,265.5,2019-10-24
1296,267.5,2019-10-25
1297,275.5,2019-10-28
1298,282.5,2019-10-29
1299,272.0,2019-10-30
1300,271.5,2019-10-31
1301,269.5,2019-11-01
1302,281.0,2019-11-04
1303,277.0,2019-11-05
1304,269.5,2019-11-06
1305,264.0,2019-11-07
1306,256.0,2019-11-08
1307,252.0,2019-11-11
1308,249.5,2019-11-12
1309,249.0,2019-11-13
1310,251.5,2019-11-14
1311,259.5,2019-11-15
1312,262.0,2019-11-18
1313,258.5,2019-11-19
1314,258.0,2019-11-20
1315,253.5,2019-11-21
1316,256.5,2019-11-22
1317,257.5,2019-11-25
1318,261.0,2019-11-26
1319,258.0,2019-11-27
1320,267.0,2019-11-28
1321,263.5,2019-11-29
1322,254.5,2019-12-02
1323,253.0,2019-12-03
1324,264.0,2019-12-04
1325,267.0,2019-12-05
1326,263.0,2019-12-06
1327,262.0,2019-12-09
1328,254.0,2019-12-10
1329,254.0,2019-12-11
1330,255.5,2019-12-12
1331,259.5,2019-12-13
1332,262.5,2019-12-16
1333,262.5,2019-12-17
1334,269.5,2019-12-18
1335,262.0,2019-12-19
1336,262.5,2019-12-20
1337,272.5,2019-12-23
1338,276.0,2019-12-24
1339,294.5,2019-12-25
1340,296.0,2019-12-26
1341,306.5,2019-12-27
1342,309.5,2019-12-30
1343,319.5,2019-12-31
